family	number of analyses	relative abundance (max)	score (Spearman rank correlation on order level [only actual rank])
super kingdom.Bacteria;phylum.Bacteroidetes;class.Flavobacteriia;order.Flavobacteriales;family.Flavobacteriaceae	18021	0.9573542770899051	0.516032225471496
super kingdom.Bacteria;phylum.Firmicutes;class.Clostridia;order.Clostridiales;family.Ruminococcaceae	15194	0.8660963430753414	0.510817767213376
super kingdom.Bacteria;phylum.Proteobacteria;class.Alphaproteobacteria;order.Rhodobacterales;family.Rhodobacteraceae	14951	0.715736898237611	0.4723452072138062
super kingdom.Bacteria;phylum.Firmicutes;class.Clostridia;order.Clostridiales;family.Lachnospiraceae	13642	0.8719426225716463	0.49506651091396636
super kingdom.Bacteria;phylum.Proteobacteria;class.Betaproteobacteria;order.Burkholderiales;family.Burkholderiaceae	12929	0.6360305026407929	0.4991284524694738
super kingdom.Bacteria;phylum.Proteobacteria;class.Gammaproteobacteria;order.Pseudomonadales;family.Pseudomonadaceae	12658	0.9655712540333949	0.49443132041082655
super kingdom.Bacteria;phylum.Proteobacteria;class.Gammaproteobacteria;order.Pseudomonadales;family.Moraxellaceae	12280	0.8851593031728158	0.49649252608729905
super kingdom.Bacteria;phylum.Proteobacteria;class.Alphaproteobacteria;order.Sphingomonadales;family.Sphingomonadaceae	11991	0.6673775709692534	0.46298937583927374
super kingdom.Bacteria;phylum.Proteobacteria;class.Alphaproteobacteria;order.Rhodospirillales;family.Rhodospirillaceae	11305	0.12747731825144337	0.4537056589483098
super kingdom.Bacteria;phylum.Spirochaetes;class.Spirochaetia;order.Spirochaetales;family.Spirochaetaceae	10991	0.7282139869240541	0.5081014546156677
super kingdom.Bacteria;phylum.Firmicutes;class.Bacilli;order.Bacillales;family.Bacillaceae	10875	0.8755901316140033	0.510032641763041
super kingdom.Bacteria;phylum.Bacteroidetes;class.Saprospiria;order.Saprospirales;family.Saprospiraceae	10832	0.5573604489262056	0.42159731339403694
super kingdom.Bacteria;phylum.Proteobacteria;class.Gammaproteobacteria;order.Legionellales;family.Coxiellaceae	10774	0.26953545404823653	0.43245594093120066
super kingdom.Bacteria;phylum.Planctomycetes;class.Planctomycetia;order.Planctomycetales;family.Planctomycetaceae	10773	0.5353028278377695	0.42856716504165476
super kingdom.Bacteria;phylum.Verrucomicrobia;class.Verrucomicrobiae;order.Verrucomicrobiales;family.Verrucomicrobiaceae	10511	0.6644847637507547	0.43215796143902757
super kingdom.Bacteria;phylum.Firmicutes;class.Erysipelotrichia;order.Erysipelotrichales;family.Erysipelotrichaceae	10339	0.2524218162516035	0.46691847415378673
super kingdom.Bacteria;phylum.Bacteroidetes;class.Cytophagia;order.Cytophagales;family.Cytophagaceae	10279	0.19667911394699633	0.43809715649052355
super kingdom.Bacteria;phylum.Proteobacteria;class.Oligoflexia;order.Bacteriovoracales;family.Bacteriovoracaceae	10142	0.277632240939609	0.41784651795677263
super kingdom.Bacteria;phylum.Firmicutes;class.Clostridia;order.Clostridiales;family.Clostridiaceae	9922	0.3934792465273484	0.49735390853038747
super kingdom.Bacteria;phylum.Firmicutes;class.Clostridia;order.Clostridiales;family.Peptostreptococcaceae	9882	0.34506181478889664	0.47788952783521227
super kingdom.Bacteria;phylum.Proteobacteria;class.Alphaproteobacteria;order.Rhizobiales;family.Hyphomicrobiaceae	9805	0.5233206218832502	0.441995883407824
super kingdom.Bacteria;phylum.Proteobacteria;class.Betaproteobacteria;order.Nitrosomonadales;family.Nitrosomonadaceae	9656	0.30652826565215807	0.4362969913185524
super kingdom.Bacteria;phylum.Proteobacteria;class.Alphaproteobacteria;order.Rhodobacterales;family.Hyphomonadaceae	9647	0.6475210412744263	0.4208152772602593
super kingdom.Bacteria;phylum.Firmicutes;class.Bacilli;order.Lactobacillales;family.Streptococcaceae	9593	0.9004064253919102	0.45930559050756276
super kingdom.Bacteria;phylum.Actinobacteria;class.Actinobacteria;order.Micrococcales;family.Microbacteriaceae	9514	0.5351270993096748	0.46367604082595837
super kingdom.Bacteria;phylum.Proteobacteria;class.Gammaproteobacteria;order.Enterobacterales;family.Enterobacteriaceae	9497	0.9702348604390784	0.5068775484943229
super kingdom.Bacteria;phylum.Bacteroidetes;class.Chitinophagia;order.Chitinophagales;family.Chitinophagaceae	9485	0.5568859955049213	0.4573963938170338
super kingdom.Bacteria;phylum.Planctomycetes;class.Phycisphaerae;order.Phycisphaerales;family.Phycisphaeraceae	9378	0.2714800558058639	0.41776910911695636
super kingdom.Bacteria;phylum.Proteobacteria;class.Epsilonproteobacteria;order.Campylobacterales;family.Campylobacteraceae	9151	0.4938603777673444	0.48694664969269447
super kingdom.Bacteria;phylum.Proteobacteria;class.Oligoflexia;order.Oligoflexales;family.Oligoflexaceae	9150	0.15590727309699723	0.41443208311219326
super kingdom.Bacteria;phylum.Bacteroidetes;class.Bacteroidia;order.Bacteroidales;family.Rikenellaceae	8871	0.5110755187069489	0.46908745339748403
super kingdom.Bacteria;phylum.Bacteroidetes;class.Bacteroidia;order.Bacteroidales;family.Prevotellaceae	8855	0.8839560022757443	0.4382779042806216
super kingdom.Bacteria;phylum.Proteobacteria;class.Gammaproteobacteria;order.Cellvibrionales;family.Halieaceae	8851	0.26411830357142857	0.39009119395812736
super kingdom.Bacteria;phylum.Firmicutes;class.Clostridia;order.Clostridiales;family.Peptococcaceae	8834	0.2949024633347572	0.4958415592403862
super kingdom.Bacteria;phylum.Proteobacteria;class.Betaproteobacteria;order.Burkholderiales;family.Comamonadaceae	8783	0.6722624550204008	0.4733294628980944
super kingdom.Bacteria;phylum.Bacteroidetes;class.Cytophagia;order.Cytophagales;family.Cyclobacteriaceae	8762	0.5744916521809436	0.43477068855770623
super kingdom.Bacteria;phylum.Firmicutes;class.Clostridia;order.Clostridiales;family.Christensenellaceae	8637	0.3120165842101596	0.47651290166453814
super kingdom.Bacteria;phylum.Bacteroidetes;class.Flavobacteriia;order.Flavobacteriales;family.Crocinitomicaceae	8619	0.5351584933015751	0.3997359562399069
super kingdom.Bacteria;phylum.Firmicutes;class.Negativicutes;order.Veillonellales;family.Veillonellaceae	8507	0.7579462102689487	0.4442712957282136
super kingdom.Bacteria;phylum.Actinobacteria;class.Actinobacteria;order.Micrococcales;family.Micrococcaceae	8433	0.9553616779706594	0.47996075037247654
super kingdom.Bacteria;phylum.Chloroflexi;class.Anaerolineae;order.Anaerolineales;family.Anaerolineaceae	8421	0.3484065606795059	0.4550538692775806
super kingdom.Bacteria;phylum.Proteobacteria;class.Oligoflexia;order.Bdellovibrionales;family.Bdellovibrionaceae	8353	0.08067927441142415	0.4248448409008344
super kingdom.Bacteria;phylum.Proteobacteria;class.Deltaproteobacteria;order.Myxococcales;family.Sandaracinaceae	8314	0.2228186968838527	0.4152194414926555
super kingdom.Bacteria;phylum.Bacteroidetes;class.Bacteroidia;order.Bacteroidales;family.Bacteroidaceae	8305	0.74962664367844	0.4525568825610497
super kingdom.Bacteria;phylum.Proteobacteria;class.Deltaproteobacteria;order.Desulfovibrionales;family.Desulfovibrionaceae	8159	0.5948353828916996	0.4764346657166417
super kingdom.Bacteria;phylum.Proteobacteria;class.Alphaproteobacteria;order.Caulobacterales;family.Caulobacteraceae	8139	0.5386765488201827	0.4449992133196198
super kingdom.Bacteria;phylum.Fusobacteria;class.Fusobacteriia;order.Fusobacteriales;family.Fusobacteriaceae	8066	0.893336467533049	0.4736633855063217
super kingdom.Bacteria;phylum.Proteobacteria;class.Gammaproteobacteria;order.Xanthomonadales;family.Xanthomonadaceae	8034	0.9689378936287891	0.4460773679086878
super kingdom.Bacteria;phylum.Proteobacteria;class.Gammaproteobacteria;order.Thiotrichales;family.Thiotrichaceae	7975	0.7258596881209795	0.38857605434119746
super kingdom.Bacteria;phylum.Proteobacteria;class.Deltaproteobacteria;order.Myxococcales;family.Kofleriaceae	7869	0.16311729067689493	0.41692116754112196
super kingdom.Bacteria;phylum.Proteobacteria;class.Gammaproteobacteria;order.Cellvibrionales;family.Spongiibacteraceae	7793	0.15512346755903764	0.37737800146336475
super kingdom.Bacteria;phylum.Firmicutes;class.Bacilli;order.Lactobacillales;family.Lactobacillaceae	7689	0.9990189908562543	0.44927315279139907
super kingdom.Bacteria;phylum.Gemmatimonadetes;class.Gemmatimonadetes;order.Gemmatimonadales;family.Gemmatimonadaceae	7681	0.23155810608052715	0.4253740899958431
super kingdom.Bacteria;phylum.Bacteroidetes;class.Flavobacteriia;order.Flavobacteriales;family.Cryomorphaceae	7590	0.22485089085590548	0.3636175772313699
super kingdom.Bacteria;phylum.Bacteroidetes;class.Bacteroidia;order.Bacteroidales;family.Tannerellaceae	7448	0.22493153396905005	0.41272276611621045
super kingdom.Bacteria;phylum.Proteobacteria;class.Gammaproteobacteria;order.Alteromonadales;family.Alteromonadaceae	7413	0.6534592211269882	0.3677981027930636
super kingdom.Bacteria;phylum.Proteobacteria;class.Deltaproteobacteria;order.Desulfobacterales;family.Desulfobulbaceae	7348	0.4497556386064867	0.4271192066861629
super kingdom.Bacteria;phylum.Proteobacteria;class.Alphaproteobacteria;order.Rhizobiales;family.Rhizobiaceae	7342	0.3332682842212537	0.45754166428564536
super kingdom.Bacteria;phylum.Proteobacteria;class.Gammaproteobacteria;order.Chromatiales;family.Woeseiaceae	7296	0.18387470997679814	0.3843414618102536
super kingdom.Bacteria;phylum.Proteobacteria;class.Gammaproteobacteria;order.Chromatiales;family.Ectothiorhodospiraceae	7274	0.612534198638417	0.36930589131142416
super kingdom.Bacteria;phylum.Proteobacteria;class.Gammaproteobacteria;order.Legionellales;family.Legionellaceae	7229	0.18006021983161832	0.4238720699153254
super kingdom.Bacteria;phylum.Proteobacteria;class.Gammaproteobacteria;order.Arenicellales;family.Arenicellaceae	7142	0.4809058097566655	0.3741213374322105
super kingdom.Bacteria;phylum.Actinobacteria;class.Actinobacteria;order.Corynebacteriales;family.Corynebacteriaceae	6974	0.858995351418858	0.47117343708388837
super kingdom.Bacteria;phylum.Bacteroidetes;class.Bacteroidia;order.Bacteroidales;family.Lentimicrobiaceae	6937	0.16668852459016392	0.46794808766019286
super kingdom.Bacteria;phylum.Proteobacteria;class.Alphaproteobacteria;order.Rhodospirillales;family.Acetobacteraceae	6905	0.9909326656532237	0.4269236581172682
super kingdom.Bacteria;phylum.Proteobacteria;class.Alphaproteobacteria;order.Sphingomonadales;family.Erythrobacteraceae	6841	0.12726000317446576	0.4258007855697102
super kingdom.Bacteria;phylum.Proteobacteria;class.Gammaproteobacteria;order.Cellvibrionales;family.Cellvibrionaceae	6728	0.3111089777436439	0.3964771408786466
super kingdom.Bacteria;phylum.Proteobacteria;class.Betaproteobacteria;order.Burkholderiales;family.Oxalobacteraceae	6683	0.927337256929256	0.4483343844332244
super kingdom.Bacteria;phylum.Proteobacteria;class.Alphaproteobacteria;order.Rhizobiales;family.Phyllobacteriaceae	6638	0.2797444065297326	0.43539235425999984
super kingdom.Bacteria;phylum.Proteobacteria;class.Gammaproteobacteria;order.Vibrionales;family.Vibrionaceae	6501	0.9326631294796611	0.38283262253054057
super kingdom.Bacteria;phylum.Actinobacteria;class.Actinobacteria;order.Corynebacteriales;family.Mycobacteriaceae	6467	0.769122822900988	0.44552738436364153
super kingdom.Bacteria;phylum.Proteobacteria;class.Gammaproteobacteria;order.Cellvibrionales;family.Porticoccaceae	6466	0.8514581458145815	0.35635665691099294
super kingdom.Bacteria;phylum.Verrucomicrobia;class.Opitutae;order.Puniceicoccales;family.Puniceicoccaceae	6390	0.10691213960945097	0.42085917841810394
super kingdom.Bacteria;phylum.Bacteroidetes;class.Sphingobacteriia;order.Sphingobacteriales;family.Sphingobacteriaceae	6323	0.5292678195735537	0.4327634682660863
super kingdom.Bacteria;phylum.Proteobacteria;class.Deltaproteobacteria;order.Desulfarculales;family.Desulfarculaceae	6242	0.04451274243043709	0.40118129872058533
super kingdom.Bacteria;phylum.Firmicutes;class.Clostridia;order.Clostridiales;family.Clostridiales_Family_XIII._Incertae_Sedis	6165	0.12240363774605886	0.4436277865613384
super kingdom.Bacteria;phylum.Proteobacteria;class.Alphaproteobacteria;order.Rickettsiales;family.Rickettsiaceae	6123	0.1925357946778222	0.4112698606195683
super kingdom.Bacteria;phylum.Proteobacteria;class.Gammaproteobacteria;order.Oceanospirillales;family.Oceanospirillaceae	6102	0.7781717334831145	0.38161693206152164
super kingdom.Bacteria;phylum.Bacteroidetes;class.Bacteroidia;order.Bacteroidales;family.Muribaculaceae	5915	0.937974097427447	0.4181995910208793
super kingdom.Bacteria;phylum.Proteobacteria;class.Gammaproteobacteria;order.Pasteurellales;family.Pasteurellaceae	5869	0.8358950633149985	0.3929939389005179
super kingdom.Bacteria;phylum.Proteobacteria;class.Deltaproteobacteria;order.Desulfobacterales;family.Desulfobacteraceae	5812	0.5261764369132127	0.38997269618037356
super kingdom.Bacteria;phylum.Verrucomicrobia;class.Spartobacteria;order.Chthoniobacterales;family.Chthoniobacteraceae	5772	0.45739641593425406	0.388190944141421
super kingdom.Bacteria;phylum.Proteobacteria;class.Epsilonproteobacteria;order.Campylobacterales;family.Helicobacteraceae	5756	0.9354270366172195	0.45804445244686837
super kingdom.Bacteria;phylum.Bacteroidetes;class.Bacteroidia;order.Marinilabiliales;family.Prolixibacteraceae	5696	0.1520742637644046	0.41656024282398985
super kingdom.Bacteria;phylum.Firmicutes;class.Bacilli;order.Bacillales;family.Paenibacillaceae	5695	0.44148041336217253	0.4470156544723751
super kingdom.Bacteria;phylum.Proteobacteria;class.Gammaproteobacteria;order.Alteromonadales;family.Colwelliaceae	5654	0.4762381253166061	0.3632628123215485
super kingdom.Bacteria;phylum.Chloroflexi;class.Caldilineae;order.Caldilineales;family.Caldilineaceae	5653	0.2684308732141713	0.3996329890352083
super kingdom.Bacteria;phylum.Proteobacteria;class.Betaproteobacteria;order.Nitrosomonadales;family.Methylophilaceae	5652	0.6329655659821745	0.45388928003700674
super kingdom.Bacteria;phylum.Actinobacteria;class.Coriobacteriia;order.Coriobacteriales;family.Atopobiaceae	5647	0.21277382945591214	0.4146330359382387
super kingdom.Bacteria;phylum.Bacteroidetes;class.Bacteroidia;order.Bacteroidales;family.Porphyromonadaceae	5624	0.5105942863532175	0.41798299515245085
super kingdom.Bacteria;phylum.Actinobacteria;class.Actinobacteria;order.Actinomycetales;family.Actinomycetaceae	5605	0.561113669971637	0.41115664910798483
super kingdom.Bacteria;phylum.Proteobacteria;class.Alphaproteobacteria;order.Rhizobiales;family.Xanthobacteraceae	5600	0.17002489677888258	0.38942987458985606
super kingdom.Bacteria;phylum.Proteobacteria;class.Betaproteobacteria;order.Neisseriales;family.Neisseriaceae	5587	0.8700247228907773	0.4403857712552883
super kingdom.Bacteria;phylum.Actinobacteria;class.Actinobacteria;order.Propionibacteriales;family.Propionibacteriaceae	5574	0.9669548122235393	0.4843742414067937
super kingdom.Bacteria;phylum.Actinobacteria;class.Actinobacteria;order.Bifidobacteriales;family.Bifidobacteriaceae	5571	0.8445478966173747	0.40124686132909393
super kingdom.Bacteria;phylum.Actinobacteria;class.Actinobacteria;order.Propionibacteriales;family.Nocardioidaceae	5555	0.15392738133713738	0.41935855187108567
super kingdom.Bacteria;phylum.Firmicutes;class.Bacilli;order.Lactobacillales;family.Carnobacteriaceae	5552	0.5395132309702712	0.4156447761110234
super kingdom.Bacteria;phylum.Proteobacteria;class.Alphaproteobacteria;order.Rhizobiales;family.Beijerinckiaceae	5469	0.19234528155451436	0.3878510494832416
super kingdom.Bacteria;phylum.Proteobacteria;class.Alphaproteobacteria;order.Rhizobiales;family.Bradyrhizobiaceae	5458	0.09899061448556756	0.4068914446505624
super kingdom.Bacteria;phylum.Fibrobacteres;class.Fibrobacteria;order.Fibrobacterales;family.Fibrobacteraceae	5443	0.0773473434181789	0.4887515100788007
super kingdom.Bacteria;phylum.Bacteroidetes;class.Cytophagia;order.Cytophagales;family.Microscillaceae	5404	0.18640681411896667	0.3999532210364027
super kingdom.Bacteria;phylum.Proteobacteria;class.Gammaproteobacteria;order.Xanthomonadales;family.Rhodanobacteraceae	5402	0.4411052746241921	0.396449125580369
super kingdom.Bacteria;phylum.Firmicutes;class.Negativicutes;order.Selenomonadales;family.Selenomonadaceae	5376	0.6360664220528742	0.37523461953485227
super kingdom.Bacteria;phylum.Bacteroidetes;class.Bacteroidia;order.Bacteroidales;family.Paludibacteraceae	5369	0.18141503729086877	0.4728079705981918
super kingdom.Bacteria;phylum.Proteobacteria;class.Gammaproteobacteria;order.Oceanospirillales;family.Halomonadaceae	5304	0.8528619991747067	0.4272901456168591
super kingdom.Bacteria;phylum.Firmicutes;class.Clostridia;order.Clostridiales;family.Oscillospiraceae	5266	0.10049001465602747	0.3804318649225312
super kingdom.Bacteria;phylum.Actinobacteria;class.Coriobacteriia;order.Eggerthellales;family.Eggerthellaceae	5236	0.1410330776519587	0.38222925567964494
super kingdom.Bacteria;phylum.Acidobacteria;class.Solibacteres;order.Solibacterales;family.Bryobacteraceae	5143	0.07948412637048263	0.3792299699429989
super kingdom.Bacteria;phylum.Firmicutes;class.Negativicutes;order.Acidaminococcales;family.Acidaminococcaceae	5126	0.4717489594873791	0.4236397002469931
super kingdom.Bacteria;phylum.Bacteroidetes;class.Saprospiria;order.Saprospirales;family.Haliscomenobacteraceae	5115	0.058213266533764976	0.3551741961079833
super kingdom.Bacteria;phylum.Actinobacteria;class.Actinobacteria;order.Streptomycetales;family.Streptomycetaceae	5039	0.9799205233504168	0.4130519069562688
super kingdom.Bacteria;phylum.Actinobacteria;class.Acidimicrobiia;order.Acidimicrobiales;family.Acidimicrobiaceae	5024	0.6930555277438475	0.3908423195626309
super kingdom.Bacteria;phylum.Verrucomicrobia;class.Opitutae;order.Opitutales;family.Opitutaceae	5004	0.08998325184821776	0.3856987977534587
super kingdom.Bacteria;phylum.Planctomycetes;class.Planctomycetia;order.Planctomycetales;family.Gemmataceae	4959	0.16528014605831998	0.37352841525654007
super kingdom.Bacteria;phylum.Firmicutes;class.Bacilli;order.Bacillales;family.Staphylococcaceae	4911	0.9833288758134974	0.47636501237905987
super kingdom.Bacteria;phylum.Firmicutes;class.Clostridia;order.Clostridiales;family.Eubacteriaceae	4890	0.3512827796988725	0.44416695632792835
super kingdom.Bacteria;phylum.Proteobacteria;class.Gammaproteobacteria;order.Oceanospirillales;family.Alcanivoracaceae	4883	0.2933041680735264	0.34839042206320237
super kingdom.Bacteria;phylum.Proteobacteria;class.Alphaproteobacteria;order.Rhizobiales;family.Methylobacteriaceae	4825	0.36861847420459354	0.44012556861194885
super kingdom.Bacteria;phylum.Bacteroidetes;class.Saprospiria;order.Saprospirales;family.Lewinellaceae	4798	0.5507582515611061	0.33579989857567
super kingdom.Bacteria;phylum.Proteobacteria;class.Deltaproteobacteria;order.Syntrophobacterales;family.Syntrophaceae	4782	0.2593676907516278	0.40531395950630056
super kingdom.Bacteria;phylum.Bacteroidetes;class.Bacteroidia;order.Marinilabiliales;family.Marinilabiliaceae	4755	0.29510632481070737	0.43186390550261017
super kingdom.Bacteria;phylum.Proteobacteria;class.Gammaproteobacteria;order.Chromatiales;family.Chromatiaceae	4739	0.27928200436758543	0.38447650672400285
super kingdom.Bacteria;phylum.Proteobacteria;class.Deltaproteobacteria;order.Myxococcales;family.Nannocystaceae	4701	0.04327577064072118	0.3980414575730155
super kingdom.Bacteria;phylum.Firmicutes;class.Bacilli;order.Lactobacillales;family.Enterococcaceae	4690	0.9910036925142666	0.4303496028232987
super kingdom.Bacteria;phylum.Proteobacteria;class.Alphaproteobacteria;order.Sneathiellales;family.Sneathiellaceae	4587	0.10587746492377513	0.4367884892385156
super kingdom.Bacteria;phylum.Proteobacteria;class.Betaproteobacteria;order.Burkholderiales;family.Sutterellaceae	4518	0.3626340680904966	0.3534861330130492
super kingdom.Bacteria;phylum.Proteobacteria;class.Gammaproteobacteria;order.Alteromonadales;family.Pseudoalteromonadaceae	4450	0.37722364783616597	0.34088503060853476
super kingdom.Bacteria;phylum.Verrucomicrobia;class.Verrucomicrobiae;order.Verrucomicrobiales;family.Rubritaleaceae	4358	0.34946893972785825	0.3377807927307875
super kingdom.Bacteria;phylum.Proteobacteria;class.Deltaproteobacteria;order.Myxococcales;family.Polyangiaceae	4356	0.13520820167123096	0.34759732767975654
super kingdom.Bacteria;phylum.Proteobacteria;class.Gammaproteobacteria;order.Chromatiales;family.Thioalkalispiraceae	4344	0.4423790681267446	0.3999370302295157
super kingdom.Bacteria;phylum.Proteobacteria;class.Deltaproteobacteria;order.Desulfuromonadales;family.Geobacteraceae	4344	0.18062803671045527	0.3952506657618641
super kingdom.Bacteria;phylum.Armatimonadetes;class.Fimbriimonadia;order.Fimbriimonadales;family.Fimbriimonadaceae	4176	0.020904304738309076	0.35458957518559986
super kingdom.Bacteria;phylum.Proteobacteria;class.Alphaproteobacteria;order.Micropepsales;family.Micropepsaceae	4155	0.3666116141769653	0.343979339471224
super kingdom.Bacteria;phylum.Actinobacteria;class.Actinobacteria;order.Frankiales;family.Sporichthyaceae	4154	0.5346982970764839	0.3936024570021835
super kingdom.Bacteria;phylum.Actinobacteria;class.Thermoleophilia;order.Solirubrobacterales;family.Conexibacteraceae	4129	0.13159580618447164	0.34080867641973533
super kingdom.Bacteria;phylum.Fusobacteria;class.Fusobacteriia;order.Fusobacteriales;family.Leptotrichiaceae	4121	0.3657055633390162	0.3651916501846214
super kingdom.Bacteria;phylum.Chlamydiae;class.Chlamydiia;order.Parachlamydiales;family.Parachlamydiaceae	4109	0.05493445656024879	0.38189067327587084
super kingdom.Bacteria;phylum.Proteobacteria;class.Deltaproteobacteria;order.Myxococcales;family.Phaselicystidaceae	4091	0.042904311670925344	0.36586099358764734
super kingdom.Bacteria;phylum.Bacteroidetes;class.Cytophagia;order.Cytophagales;family.Hymenobacteraceae	4056	0.4577924707510842	0.40736393489700296
super kingdom.Bacteria;phylum.Actinobacteria;class.Thermoleophilia;order.Solirubrobacterales;family.Solirubrobacteraceae	4051	0.08668650339513237	0.3457238672521461
super kingdom.Bacteria;phylum.Verrucomicrobia;class.Verrucomicrobiae;order.Verrucomicrobiales;family.Akkermansiaceae	4018	0.8529038679208462	0.40574873345224044
super kingdom.Bacteria;phylum.Proteobacteria;class.Alphaproteobacteria;order.Rhodospirillales;family.Geminicoccaceae	4015	0.06433470113920055	0.38068456404966816
super kingdom.Bacteria;phylum.Actinobacteria;class.Coriobacteriia;order.Coriobacteriales;family.Coriobacteriaceae	3990	0.5162482867081315	0.37335544999170645
super kingdom.Bacteria;phylum.Actinobacteria;class.Actinobacteria;order.Pseudonocardiales;family.Pseudonocardiaceae	3882	0.2761327269664814	0.37354507643661855
super kingdom.Bacteria;phylum.Proteobacteria;class.Deltaproteobacteria;order.Myxococcales;family.Anaeromyxobacteraceae	3879	0.1068158077994429	0.3409574434842815
super kingdom.Bacteria;phylum.Firmicutes;class.Tissierellia;order.Tissierellales;family.Peptoniphilaceae	3876	0.4533405212477228	0.40872935098821545
super kingdom.Bacteria;phylum.Synergistetes;class.Synergistia;order.Synergistales;family.Synergistaceae	3854	0.5494614804143514	0.44625221944203103
super kingdom.Bacteria;phylum.Acidobacteria;class.Solibacteres;order.Solibacterales;family.Solibacteraceae	3826	0.12374048722418264	0.34396707696173034
super kingdom.Bacteria;phylum.Actinobacteria;class.Rubrobacteria;order.Gaiellales;family.Gaiellaceae	3795	0.0939631427072403	0.32831867042884455
super kingdom.Bacteria;phylum.Kiritimatiellaeota;class.Kiritimatiellae;order.Kiritimatiellales;family.Kiritimatiellaceae	3748	0.8553018313361972	0.33471704779437933
super kingdom.Bacteria;phylum.Proteobacteria;class.Betaproteobacteria;order.Rhodocyclales;family.Rhodocyclaceae	3736	0.22110360868584125	0.4186587765898063
super kingdom.Bacteria;phylum.Proteobacteria;class.Gammaproteobacteria;order.Nevskiales;family.Sinobacteraceae	3715	0.25980998293916013	0.36135678582197783
super kingdom.Bacteria;phylum.Proteobacteria;class.Alphaproteobacteria;order.Kiloniellales;family.Kiloniellaceae	3643	0.08532432852480326	0.3448820131140518
super kingdom.Bacteria;phylum.Bacteroidetes;class.Bacteroidia;order.Bacteroidales;family.Odoribacteraceae	3622	0.25849671836461685	0.3609437056479234
super kingdom.Bacteria;phylum.Bacteroidetes;class.Cytophagia;order.Cytophagales;family.Flammeovirgaceae	3582	0.5324929938297591	0.3448676591749042
super kingdom.Archaea;phylum.Euryarchaeota;class.Methanobacteria;order.Methanobacteriales;family.Methanobacteriaceae	3582	0.32798009500113096	0.46018362430587384
super kingdom.Bacteria;phylum.Proteobacteria;class.Gammaproteobacteria;order.Alteromonadales;family.Shewanellaceae	3542	0.2838889214908068	0.3982783319599429
super kingdom.Bacteria;phylum.Proteobacteria;class.Gammaproteobacteria;order.Methylococcales;family.Methylococcaceae	3539	0.4410453954965358	0.4045525430520708
super kingdom.Bacteria;phylum.Proteobacteria;class.Deltaproteobacteria;order.Desulfuromonadales;family.Desulfuromonadaceae	3515	0.33941680615743836	0.3528234744297186
super kingdom.Bacteria;phylum.Actinobacteria;class.Actinobacteria;order.Micromonosporales;family.Micromonosporaceae	3488	0.08488761829652997	0.3380072884576939
super kingdom.Bacteria;phylum.Planctomycetes;class.Planctomycetia;order.Planctomycetales;family.Isosphaeraceae	3473	0.16043690274883007	0.34593653012288794
super kingdom.Bacteria;phylum.Firmicutes;class.Clostridia;order.Clostridiales;family.Defluviitaleaceae	3469	0.15681033492194638	0.47691416736372083
super kingdom.Bacteria;phylum.Chlamydiae;class.Chlamydiia;order.Parachlamydiales;family.Simkaniaceae	3439	0.0689049667355989	0.3987522921233884
super kingdom.Bacteria;phylum.Actinobacteria;class.Actinobacteria;order.Micrococcales;family.Intrasporangiaceae	3414	0.31785735708715734	0.39284370114719563
super kingdom.Bacteria;phylum.Actinobacteria;class.Acidimicrobiia;order.Acidimicrobiales;family.Iamiaceae	3367	0.025201336092952723	0.3413022819012372
super kingdom.Bacteria;phylum.Firmicutes;class.Clostridia;order.Clostridiales;family.Clostridiales_Family_XII._Incertae_Sedis	3332	0.14174406526693692	0.37456567000098756
super kingdom.Bacteria;phylum.Actinobacteria;class.Actinobacteria;order.Candidatus_Actinomarinales;family.Candidatus_Actinomarinaceae	3284	0.3648802977751459	0.2748708438003996
super kingdom.Bacteria;phylum.Proteobacteria;class.Gammaproteobacteria;order.Acidiferrobacterales;family.Acidiferrobacteraceae	3280	0.1068786610878661	0.38880359205008386
super kingdom.Bacteria;phylum.Calditrichaeota;class.Calditrichae;order.Calditrichales;family.Calditrichaceae	3260	0.06732573444982777	0.3310688099527124
super kingdom.Bacteria;phylum.Bacteroidetes;class.Bacteroidia;order.Bacteroidales;family.Barnesiellaceae	3247	0.10340320785476445	0.3895248717823701
super kingdom.Bacteria;phylum.Firmicutes;class.Bacilli;order.Bacillales;family.Alicyclobacillaceae	3209	0.47071680938978383	0.43060729649649826
super kingdom.Bacteria;phylum.Proteobacteria;class.Gammaproteobacteria;order.Chromatiales;family.Granulosicoccaceae	3185	0.39885174899635956	0.30998831474080546
super kingdom.Bacteria;phylum.Firmicutes;class.Bacilli;order.Lactobacillales;family.Aerococcaceae	3182	0.1314124534779122	0.37699664891833007
super kingdom.Bacteria;phylum.Acidobacteria;class.Acidobacteriia;order.Acidobacteriales;family.Acidobacteriaceae	3182	0.3715110191782221	0.3396725822074261
super kingdom.Bacteria;phylum.Proteobacteria;class.Deltaproteobacteria;order.Syntrophobacterales;family.Syntrophobacteraceae	3165	0.07417304106531984	0.3548044543744797
super kingdom.Bacteria;phylum.Actinobacteria;class.Actinobacteria;order.Micrococcales;family.Dermatophilaceae	3136	0.12323875858957642	0.4919122498479963
super kingdom.Bacteria;phylum.Proteobacteria;class.Gammaproteobacteria;order.Thiotrichales;family.Piscirickettsiaceae	3029	0.5257917450181956	0.36056455382634317
super kingdom.Bacteria;phylum.Proteobacteria;class.Betaproteobacteria;order.Nitrosomonadales;family.Gallionellaceae	3004	0.5650410804330195	0.3953588419605695
super kingdom.Bacteria;phylum.Acidobacteria;class.Holophagae;order.Holophagales;family.Holophagaceae	3001	0.28656603057058766	0.381208579456792
super kingdom.Bacteria;phylum.Proteobacteria;class.Alphaproteobacteria;order.Parvularculales;family.Parvularculaceae	3000	0.08662019998045793	0.35279566897109055
super kingdom.Bacteria;phylum.Tenericutes;class.Mollicutes;order.Mycoplasmatales;family.Mycoplasmataceae	2942	0.9742482900221401	0.4576223383239628
super kingdom.Bacteria;phylum.Proteobacteria;class.Gammaproteobacteria;order.Cardiobacteriales;family.Cardiobacteriaceae	2936	0.7430203879666927	0.43112393033882385
super kingdom.Archaea;phylum.Thaumarchaeota;class.Nitrososphaeria;order.Nitrososphaerales;family.Nitrososphaeraceae	2907	0.9975208830077847	0.38332899218483457
super kingdom.Bacteria;phylum.Actinobacteria;class.Actinobacteria;order.Kineosporiales;family.Kineosporiaceae	2863	0.048457208009691444	0.3393361890527423
super kingdom.Bacteria;phylum.Chloroflexi;class.Chloroflexia;order.Chloroflexales;family.Roseiflexaceae	2827	0.0694537253591714	0.29443067275781437
super kingdom.Bacteria;phylum.Firmicutes;class.Bacilli;order.Bacillales;family.Planococcaceae	2826	0.22027446718804744	0.482438906196281
super kingdom.Bacteria;phylum.Actinobacteria;class.Actinobacteria;order.Corynebacteriales;family.Nocardiaceae	2810	0.5850041436094848	0.4385268370506085
super kingdom.Bacteria;phylum.Deinococcus-Thermus;class.Deinococci;order.Deinococcales;family.Trueperaceae	2764	0.0672170546393966	0.3735830695109771
super kingdom.Bacteria;phylum.Proteobacteria;class.Alphaproteobacteria;order.Holosporales;family.Candidatus_Paracaedibacteraceae	2751	0.056068764511189056	0.3602668295318199
super kingdom.Bacteria;phylum.Balneolaeota;class.Balneolia;order.Balneolales;family.Balneolaceae	2735	0.37505596795098384	0.31221285061500553
super kingdom.Bacteria;phylum.Nitrospinae;class.Nitrospinia;order.Nitrospinales;family.Nitrospinaceae	2715	0.1589109214807539	0.32757532888019436
super kingdom.Bacteria;phylum.Bacteroidetes;class.Bacteroidia;order.Marinilabiliales;family.Marinifilaceae	2644	0.27816340826593644	0.3544705302088182
super kingdom.Bacteria;phylum.Ignavibacteriae;class.Ignavibacteria;order.Ignavibacteriales;family.Melioribacteraceae	2620	0.03437692416994269	0.3003539182747918
super kingdom.Bacteria;phylum.Proteobacteria;class.Gammaproteobacteria;order.Oceanospirillales;family.Kangiellaceae	2533	0.16903094438909255	0.37725018312475916
super kingdom.Bacteria;phylum.Verrucomicrobia;class.Methylacidiphilae;order.Methylacidiphilales;family.Methylacidiphilaceae	2524	0.05313778627982358	0.33844868678369777
super kingdom.Bacteria;phylum.Proteobacteria;class.Gammaproteobacteria;order.Thiotrichales;family.Francisellaceae	2517	0.11833509700176367	0.29478424904915224
super kingdom.Bacteria;phylum.Verrucomicrobia;class.Verrucomicrobiae;order.Verrucomicrobiales;family.Verrucomicrobia_subdivision_3	2507	0.021790901126562442	0.2996468421165031
super kingdom.Bacteria;phylum.Actinobacteria;class.Actinobacteria;order.Acidothermales;family.Acidothermaceae	2495	0.10552362419896338	0.2980701030291218
super kingdom.Bacteria;phylum.Proteobacteria;class.Alphaproteobacteria;order.Holosporales;family.Holosporaceae	2436	0.010021885140744095	0.36280971501424547
super kingdom.Bacteria;phylum.Bacteroidetes;class.Cytophagia;order.Cytophagales;family.Amoebophilaceae	2375	0.03290850650321423	0.34069776231791765
super kingdom.Bacteria;phylum.Actinobacteria;class.Rubrobacteria;order.Rubrobacterales;family.Rubrobacteraceae	2373	0.13164783350947076	0.303348997023925
super kingdom.Bacteria;phylum.Tenericutes;class.Mollicutes;order.Anaeroplasmatales;family.Anaeroplasmataceae	2336	0.11725067385444744	0.3880073437064402
super kingdom.Bacteria;phylum.Actinobacteria;class.Actinobacteria;order.Geodermatophilales;family.Geodermatophilaceae	2309	0.10834786803725832	0.36334424685737315
super kingdom.Bacteria;phylum.Nitrospirae;class.Nitrospira;order.Nitrospirales;family.Nitrospiraceae	2197	0.25938326621070945	0.34998591406994
super kingdom.Bacteria;phylum.Proteobacteria;class.Gammaproteobacteria;order.Aeromonadales;family.Succinivibrionaceae	2175	0.864634542037308	0.35333641624143225
super kingdom.Bacteria;phylum.Actinobacteria;class.Actinobacteria;order.Streptosporangiales;family.Thermomonosporaceae	2148	0.016319083440360427	0.2505378549809008
super kingdom.Bacteria;phylum.Ignavibacteriae;class.Ignavibacteria;order.Ignavibacteriales;family.Ignavibacteriaceae	2142	0.09012513913016341	0.32319045707717914
super kingdom.Bacteria;phylum.Proteobacteria;class.Betaproteobacteria;order.Burkholderiales;family.Alcaligenaceae	2101	0.7492286291638283	0.45662183373819737
super kingdom.Bacteria;phylum.Firmicutes;class.Negativicutes;order.Selenomonadales;family.Sporomusaceae	2094	0.07395167022032693	0.44062603648015336
super kingdom.Bacteria;phylum.Proteobacteria;class.Alphaproteobacteria;order.Rhizobiales;family.Rhodobiaceae	2072	0.33962469648337146	0.3591356538868949
super kingdom.Bacteria;phylum.Proteobacteria;class.Gammaproteobacteria;order.Oceanospirillales;family.Saccharospirillaceae	2072	0.289643897367523	0.32064666768683725
super kingdom.Bacteria;phylum.Proteobacteria;class.Betaproteobacteria;order.Neisseriales;family.Chromobacteriaceae	2039	0.2821094171938249	0.41935326571615517
super kingdom.Bacteria;phylum.Proteobacteria;class.Gammaproteobacteria;order.Alteromonadales;family.Psychromonadaceae	2024	0.24240245697984725	0.31588770142013084
super kingdom.Bacteria;phylum.Proteobacteria;class.Hydrogenophilalia;order.Hydrogenophilales;family.Hydrogenophilaceae	1978	0.18673181390549604	0.41396810283843055
super kingdom.Bacteria;phylum.Proteobacteria;class.Oligoflexia;order.Bacteriovoracales;family.Halobacteriovoraceae	1965	0.011539574203640806	0.30858735709586815
super kingdom.Bacteria;phylum.Actinobacteria;class.Actinobacteria;order.Nakamurellales;family.Nakamurellaceae	1951	0.010849335220497275	0.28411018943613386
super kingdom.Bacteria;phylum.Actinobacteria;class.Actinobacteria;order.Frankiales;family.Frankiaceae	1950	0.11753896600480851	0.27729705463661847
super kingdom.Bacteria;phylum.Bacteroidetes;class.Bacteroidia;order.Bacteroidales;family.Dysgonamonadaceae	1944	0.2291881677447489	0.4518420392152694
super kingdom.Bacteria;phylum.Proteobacteria;class.Gammaproteobacteria;order.Enterobacterales;family.Erwiniaceae	1929	0.3595443250395327	0.434301896420409
super kingdom.Bacteria;phylum.Chloroflexi;class.Ktedonobacteria;order.Ktedonobacterales;family.Ktedonobacteraceae	1918	0.17084381151516864	0.27255468593415044
super kingdom.Bacteria;phylum.Proteobacteria;class.Betaproteobacteria;order.Nitrosomonadales;family.Sterolibacteriaceae	1898	0.17021550101460853	0.3632297561989897
super kingdom.Bacteria;phylum.Proteobacteria;class.Betaproteobacteria;order.Rhodocyclales;family.Zoogloeaceae	1865	0.20859986728599866	0.38693182318873764
super kingdom.Bacteria;phylum.Gemmatimonadetes;class.Longimicrobia;order.Longimicrobiales;family.Longimicrobiaceae	1861	0.1710094071972525	0.27721169056262396
super kingdom.Bacteria;phylum.Proteobacteria;class.Gammaproteobacteria;order.Oceanospirillales;family.Oleiphilaceae	1828	0.21990621100003782	0.33491742126134355
super kingdom.Bacteria;phylum.Proteobacteria;class.Gammaproteobacteria;order.Oceanospirillales;family.Endozoicomonaceae	1822	0.9609383534209663	0.30280621597797014
super kingdom.Bacteria;phylum.Armatimonadetes;class.Chthonomonadetes;order.Chthonomonadales;family.Chthonomonadaceae	1782	0.013283350990139354	0.22549747933700975
super kingdom.Bacteria;phylum.Tenericutes;class.Mollicutes;order.Acholeplasmatales;family.Acholeplasmataceae	1775	0.17028244527968162	0.46114768494869524
super kingdom.Bacteria;phylum.Proteobacteria;class.Gammaproteobacteria;order.Alteromonadales;family.Idiomarinaceae	1774	0.2539179303169571	0.3793230104306043
super kingdom.Bacteria;phylum.Proteobacteria;class.Gammaproteobacteria;order.Aeromonadales;family.Aeromonadaceae	1767	0.3459338103030877	0.4185290064215538
super kingdom.Bacteria;phylum.Lentisphaerae;class.Lentisphaeria;order.Victivallales;family.Victivallaceae	1725	0.04014412828517597	0.38924536265637694
super kingdom.Bacteria;phylum.Proteobacteria;class.Alphaproteobacteria;order.Rhizobiales;family.Roseiarcaceae	1713	0.10971545298165138	0.29467999892401275
super kingdom.Bacteria;phylum.Firmicutes;class.Clostridia;order.Clostridiales;family.Syntrophomonadaceae	1645	0.422874037797778	0.4716095377868124
super kingdom.Bacteria;phylum.Proteobacteria;class.Alphaproteobacteria;order.Rhizobiales;family.Cohaesibacteraceae	1629	0.04617494519079399	0.30948130304614013
super kingdom.Bacteria;phylum.Proteobacteria;class.Gammaproteobacteria;order.Oceanospirillales;family.Litoricolaceae	1590	0.08919817106334137	0.23728967000174142
super kingdom.Archaea;phylum.Euryarchaeota;class.Thermoplasmata;order.Methanomassiliicoccales;family.Methanomassiliicoccaceae	1573	0.2808857652534303	0.46224768409038336
super kingdom.Bacteria;phylum.Elusimicrobia;class.Elusimicrobia;order.Elusimicrobiales;family.Elusimicrobiaceae	1541	0.06611682338057745	0.3393359499421019
super kingdom.Bacteria;phylum.Chlamydiae;class.Chlamydiia;order.Chlamydiales;family.Chlamydiaceae	1539	0.05782398999672512	0.48372563503964117
super kingdom.Bacteria;phylum.Lentisphaerae;class.Lentisphaeria;order.Lentisphaerales;family.Lentisphaeraceae	1526	0.05497790229658275	0.29077731839447396
super kingdom.Bacteria;phylum.Firmicutes;class.Bacilli;order.Lactobacillales;family.Leuconostocaceae	1497	0.8506177165398832	0.4135635671515044
super kingdom.Bacteria;phylum.Proteobacteria;class.Gammaproteobacteria;order.Immundisolibacterales;family.Immundisolibacteraceae	1491	0.1339321887556869	0.34035137576177427
super kingdom.Bacteria;phylum.Firmicutes;class.Clostridia;order.Clostridiales;family.Caldicoprobacteraceae	1480	0.16009501187648456	0.49205049275939755
super kingdom.Bacteria;phylum.Actinobacteria;class.Actinobacteria;order.Frankiales;family.Cryptosporangiaceae	1443	0.013473165634097187	0.3233157301259224
super kingdom.Bacteria;phylum.Proteobacteria;class.Alphaproteobacteria;order.Pelagibacterales;family.Pelagibacteraceae	1441	0.15060327787843847	0.2451921118045918
super kingdom.Bacteria;phylum.Proteobacteria;class.Gammaproteobacteria;order.Alteromonadales;family.Moritellaceae	1416	0.15694805751693777	0.3200960456459244
super kingdom.Archaea;phylum.Euryarchaeota;class.Methanomicrobia;order.Methanosarcinales;family.Methanosarcinaceae	1403	0.9807063851181498	0.42574495849494076
super kingdom.Bacteria;phylum.Proteobacteria;class.Betaproteobacteria;order.Nitrosomonadales;family.Thiobacillaceae	1400	0.4244059109646202	0.3481278857605943
super kingdom.Bacteria;phylum.Actinobacteria;class.Actinobacteria;order.Streptosporangiales;family.Streptosporangiaceae	1393	0.12091215107260779	0.2702036907269827
super kingdom.Bacteria;phylum.Deferribacteres;class.Deferribacteres;order.Deferribacterales;family.Deferribacteraceae	1389	0.26122295613653446	0.36852973424296087
super kingdom.Bacteria;phylum.Proteobacteria;class.Alphaproteobacteria;order.Kordiimonadales;family.Kordiimonadaceae	1387	0.1100857458778695	0.33433810675318437
super kingdom.Bacteria;phylum.Acidobacteria;class.Holophagae;order.Acanthopleuribacterales;family.Acanthopleuribacteraceae	1382	0.1955319422043386	0.25167550491506085
super kingdom.Bacteria;phylum.Proteobacteria;class.Gammaproteobacteria;order.Methylococcales;family.Crenotrichaceae	1379	0.1713619530928542	0.3429486221481038
super kingdom.Bacteria;phylum.Bacteroidetes;class.Flavobacteriia;order.Flavobacteriales;family.Schleiferiaceae	1364	0.28871016401645316	0.277681237623633
super kingdom.Bacteria;phylum.Proteobacteria;class.Betaproteobacteria;order.Rhodocyclales;family.Azonexaceae	1328	0.06796997442877176	0.36143302936650507
super kingdom.Bacteria;phylum.Actinobacteria;class.Actinobacteria;order.Micrococcales;family.Dermabacteraceae	1317	0.8232375928972417	0.3910081030743053
super kingdom.Bacteria;phylum.Proteobacteria;class.Deltaproteobacteria;order.Syntrophobacterales;family.Syntrophorhabdaceae	1311	0.037459639241581896	0.3549809814570197
super kingdom.Bacteria;phylum.Elusimicrobia;class.Endomicrobia;order.Endomicrobiales;family.Endomicrobiaceae	1300	0.09297472951470089	0.38458990618825123
super kingdom.Bacteria;phylum.Deinococcus-Thermus;class.Deinococci;order.Deinococcales;family.Deinococcaceae	1205	0.36957133807278103	0.41890567589735445
super kingdom.Bacteria;phylum.Proteobacteria;class.Alphaproteobacteria;order.Rhizobiales;family.Methylocystaceae	1179	0.11016169617539512	0.41928758628978247
super kingdom.Bacteria;phylum.Actinobacteria;class.Actinobacteria;order.Corynebacteriales;family.Dietziaceae	1158	0.07887676298901418	0.4281656440124165
super kingdom.Bacteria;phylum.Lentisphaerae;class.Oligosphaeria;order.Oligosphaerales;family.Oligosphaeraceae	1157	0.03325848780177081	0.43289083012481583
super kingdom.Bacteria;phylum.Firmicutes;class.Bacilli;order.Bacillales;family.Thermoactinomycetaceae	1134	0.1641303136492527	0.3679091133650421
super kingdom.Bacteria;phylum.Actinobacteria;class.Actinobacteria;order.Micrococcales;family.Brevibacteriaceae	1105	0.12037838381805374	0.4197961084726867
super kingdom.Archaea;phylum.Euryarchaeota;class.Methanomicrobia;order.Methanosarcinales;family.Methanosaetaceae	1078	0.6712757366103022	0.41750683811056954
super kingdom.Bacteria;phylum.Proteobacteria;class.Deltaproteobacteria;order.Desulfovibrionales;family.Desulfomicrobiaceae	1066	0.08347681529418749	0.3861937524413145
super kingdom.Bacteria;phylum.Actinobacteria;class.Actinobacteria;order.Micrococcales;family.Cellulomonadaceae	1025	0.08748834383565515	0.38357110473065936
super kingdom.Archaea;phylum.Euryarchaeota;class.Methanomicrobia;order.Methanomicrobiales;family.Methanoregulaceae	1024	0.19630926259214515	0.3585165967172035
super kingdom.Bacteria;phylum.Proteobacteria;class.Acidithiobacillia;order.Acidithiobacillales;family.Acidithiobacillaceae	1023	0.9611620234604106	0.37478609940545543
super kingdom.Bacteria;phylum.Actinobacteria;class.Nitriliruptoria;order.Euzebyales;family.Euzebyaceae	1011	0.04012083451335788	0.3673427108737552
super kingdom.Bacteria;phylum.Chloroflexi;class.Thermoflexia;order.Thermoflexales;family.Thermoflexaceae	1001	0.12635869565217392	0.30559555635004987
super kingdom.Bacteria;phylum.Rhodothermaeota;class.Rhodothermia;order.Rhodothermales;family.Rubricoccaceae	965	0.03363495308942736	0.32478302082052324
super kingdom.Bacteria;phylum.Proteobacteria;class.Alphaproteobacteria;order.Rhizobiales;family.Brucellaceae	852	0.25801219307567536	0.43540722842982293
super kingdom.Bacteria;phylum.Chloroflexi;class.Chloroflexia;order.Chloroflexales;family.Chloroflexaceae	826	0.021581088366470078	0.2338587697085626
super kingdom.Bacteria;phylum.Proteobacteria;class.Gammaproteobacteria;order.Enterobacterales;family.Morganellaceae	822	0.0881154215891125	0.3541311066819587
super kingdom.Bacteria;phylum.Actinobacteria;class.Thermoleophilia;order.Solirubrobacterales;family.Parviterribacteraceae	820	0.006875131436336283	0.22023734089922276
super kingdom.Bacteria;phylum.Planctomycetes;class.Planctomycetia;order.Candidatus_Brocadiales;family.Candidatus_Brocadiaceae	811	0.9726987996074864	0.3093267312991126
super kingdom.Bacteria;phylum.Actinobacteria;class.Nitriliruptoria;order.Nitriliruptorales;family.Nitriliruptoraceae	808	0.08395319012504007	0.3397782421019054
super kingdom.Bacteria;phylum.Firmicutes;class.Tissierellia;order.Tissierellales;family.Tissierellaceae	776	0.10632689811973722	0.44963575365497166
super kingdom.Bacteria;phylum.Proteobacteria;class.Zetaproteobacteria;order.Mariprofundales;family.Mariprofundaceae	762	0.12253152510111825	0.2592439589266437
super kingdom.Bacteria;phylum.Proteobacteria;class.Betaproteobacteria;order.Ferritrophicales;family.Ferritrophicaceae	725	0.11259212243026905	0.28854220227395694
super kingdom.Bacteria;phylum.Proteobacteria;class.Deltaproteobacteria;order.Myxococcales;family.Vulgatibacteraceae	721	0.009500935215099473	0.18974799701494832
super kingdom.Bacteria;phylum.Firmicutes;class.Limnochordia;order.Limnochordales;family.Limnochordaceae	717	0.02502265831264531	0.4858120498052095
super kingdom.Bacteria;phylum.Fibrobacteres;class.Chitinivibrionia;order.Chitinivibrionales;family.Chitinivibrionaceae	708	0.013552557733480223	0.2537894657650692
super kingdom.Archaea;phylum.Euryarchaeota;class.Methanomicrobia;order.Methanomicrobiales;family.Methanomicrobiaceae	699	0.18737517283760946	0.4480701020928384
super kingdom.Bacteria;phylum.Chloroflexi;class.Ardenticatenia;order.Ardenticatenales;family.Ardenticatenaceae	694	0.2030643243957205	0.3926186451380831
super kingdom.Bacteria;phylum.Proteobacteria;class.Gammaproteobacteria;order.Salinisphaerales;family.Salinisphaeraceae	686	0.17433065468256084	0.3411504471852057
super kingdom.Bacteria;phylum.Armatimonadetes;class.Armatimonadia;order.Armatimonadales;family.Armatimonadaceae	664	0.03270985852524063	0.258423476814725
super kingdom.Bacteria;phylum.Proteobacteria;class.Deltaproteobacteria;order.Myxococcales;family.Myxococcaceae	642	0.001802011277102831	0.16768934843337663
super kingdom.Bacteria;phylum.Planctomycetes;class.Phycisphaerae;order.Tepidisphaerales;family.Tepidisphaeraceae	627	0.01516117961209747	0.27191655865396863
super kingdom.Bacteria;phylum.Proteobacteria;class.Alphaproteobacteria;order.Rhizobiales;family.Aurantimonadaceae	602	0.011169618637306526	0.41824687267096367
super kingdom.Bacteria;phylum.Proteobacteria;class.Gammaproteobacteria;order.Thiotrichales;family.Fastidiosibacteraceae	597	0.023247132991850022	0.35603157547103526
super kingdom.Bacteria;phylum.Proteobacteria;class.Gammaproteobacteria;order.Alteromonadales;family.Ferrimonadaceae	582	0.022723524561196844	0.2928911626659806
super kingdom.Bacteria;phylum.Proteobacteria;class.Alphaproteobacteria;order.Rickettsiales;family.Candidatus_Midichloriaceae	574	0.005713400144643042	0.3837662458902652
super kingdom.Bacteria;phylum.Proteobacteria;class.Gammaproteobacteria;order.Cellvibrionales;family.Microbulbiferaceae	564	0.0764227204138823	0.3097631092044267
super kingdom.Bacteria;phylum.Firmicutes;class.Clostridia;order.Clostridiales;family.Gracilibacteraceae	555	0.008432754958626616	0.4144181408384558
super kingdom.Bacteria;phylum.Proteobacteria;class.Oligoflexia;order.Silvanigrellales;family.Silvanigrellaceae	554	0.0032698326758181426	0.3450530727273618
super kingdom.Bacteria;phylum.Spirochaetes;class.Spirochaetia;order.Brevinematales;family.Brevinemataceae	551	0.9734626135569532	0.4029144616739812
super kingdom.Bacteria;phylum.Deinococcus-Thermus;class.Deinococci;order.Thermales;family.Thermaceae	539	0.41528871481568314	0.4667793034153843
super kingdom.Bacteria;phylum.Chloroflexi;class.Chloroflexia;order.Chloroflexales;family.Oscillochloridaceae	533	0.02129496672954735	0.2702577308263624
super kingdom.Bacteria;phylum.Firmicutes;class.Clostridia;order.Halanaerobiales;family.Halanaerobiaceae	529	0.09492307692307693	0.4794967690016898
super kingdom.Bacteria;phylum.Actinobacteria;class.Actinobacteria;order.Micrococcales;family.Dermacoccaceae	527	0.10078392503153721	0.4393398264442537
super kingdom.Bacteria;phylum.Chloroflexi;class.Thermomicrobia;order.Sphaerobacterales;family.Sphaerobacteraceae	496	0.21394626045788837	0.29999722341886614
super kingdom.Bacteria;phylum.Actinobacteria;class.Actinobacteria;order.Corynebacteriales;family.Williamsiaceae	485	0.23169932498853135	0.36145367153275965
super kingdom.Bacteria;phylum.Spirochaetes;class.Spirochaetia;order.Brachyspirales;family.Brachyspiraceae	483	0.004615696750414229	0.1875978213637105
super kingdom.Bacteria;phylum.Actinobacteria;class.Actinobacteria;order.Micrococcales;family.Bogoriellaceae	480	0.01337761078702584	0.38618268316196935
super kingdom.Bacteria;phylum.Proteobacteria;class.Oligoflexia;order.Oligoflexales;family.Pseudobacteriovoracaceae	478	0.031161257413455757	0.2800188502741156
super kingdom.Bacteria;phylum.Chlamydiae;class.Chlamydiia;order.Parachlamydiales;family.Criblamydiaceae	475	0.021782627362349833	0.3349317065289806
super kingdom.Bacteria;phylum.Proteobacteria;class.Gammaproteobacteria;order.Chromatiales;family.Halothiobacillaceae	460	0.13015709601159156	0.3882076928710808
super kingdom.Bacteria;phylum.Actinobacteria;class.Actinobacteria;order.Corynebacteriales;family.Gordoniaceae	458	0.03782277540404979	0.4006338191652413
super kingdom.Archaea;phylum.Euryarchaeota;class.Methanomicrobia;order.Methanomicrobiales;family.Methanospirillaceae	452	0.25482522606537994	0.40655137068019936
super kingdom.Bacteria;phylum.Proteobacteria;class.Deltaproteobacteria;order.Myxococcales;family.Archangiaceae	445	0.014545784444175638	0.30821879901710697
super kingdom.Bacteria;phylum.Chlamydiae;class.Chlamydiia;order.Parachlamydiales;family.Rhabdochlamydiaceae	434	0.00798783821627172	0.36896055626696184
super kingdom.Bacteria;phylum.Chloroflexi;class.Ktedonobacteria;order.Ktedonobacterales;family.Thermosporotrichaceae	431	0.012613297838625848	0.13189001368046188
super kingdom.Archaea;phylum.Euryarchaeota;class.Methanomicrobia;order.Methanocellales;family.Methanocellaceae	428	0.06276582275513123	0.30707346988279455
super kingdom.Bacteria;phylum.Chlorobi;class.Chlorobia;order.Chlorobiales;family.Chlorobiaceae	413	0.4851552650011674	0.3533429300994382
super kingdom.Bacteria;phylum.Proteobacteria;class.Gammaproteobacteria;order.Enterobacterales;family.Yersiniaceae	402	0.037873683932416545	0.4205626424461235
super kingdom.Bacteria;phylum.Firmicutes;class.Clostridia;order.Thermoanaerobacterales;family.Thermoanaerobacteraceae	364	0.49730233584805056	0.4286844351035329
super kingdom.Bacteria;phylum.Proteobacteria;class.Gammaproteobacteria;order.Enterobacterales;family.Pectobacteriaceae	360	0.08518854508900113	0.4368844826725472
super kingdom.Bacteria;phylum.Actinobacteria;class.Acidimicrobiia;order.Acidimicrobiales;family.Microthrixaceae	355	0.1950639200167659	0.3279764056799554
super kingdom.Bacteria;phylum.Proteobacteria;class.Alphaproteobacteria;order.Magnetococcales;family.Magnetococcaceae	351	0.004885335087394739	0.28047690224827027
super kingdom.Bacteria;phylum.Firmicutes;class.Tissierellia;order.Tissierellales;family.Gottschalkiaceae	345	0.016054237288135594	0.42936003153606334
super kingdom.Bacteria;phylum.Proteobacteria;class.Betaproteobacteria;order.Ferrovales;family.Ferrovaceae	344	0.11680595225501604	0.35449737436182116
super kingdom.Bacteria;phylum.Firmicutes;class.Clostridia;order.Halanaerobiales;family.Halobacteroidaceae	334	0.35524500907441015	0.3857409767959576
super kingdom.Archaea;phylum.Euryarchaeota;class.Methanomicrobia;order.Methanosarcinales;family.Candidatus_Methanoperedenaceae	333	0.9980344860782783	0.4519523898277796
super kingdom.Bacteria;phylum.Actinobacteria;class.Actinobacteria;order.Micrococcales;family.Beutenbergiaceae	323	0.05030261015866587	0.31331261513085784
super kingdom.Bacteria;phylum.Caldiserica;class.Caldisericia;order.Caldisericales;family.Caldisericaceae	318	0.1710162987298036	0.32759987462452633
super kingdom.Bacteria;phylum.Firmicutes;class.Clostridia;order.Thermoanaerobacterales;family.Thermoanaerobacterales_Family_III._Incertae_Sedis	313	0.1948705808080808	0.48623362159109523
super kingdom.Bacteria;phylum.Chlamydiae;class.Chlamydiia;order.Parachlamydiales;family.Waddliaceae	304	0.023310737935742	0.3083474473716779
super kingdom.Bacteria;phylum.Thermotogae;class.Thermotogae;order.Kosmotogales;family.Kosmotogaceae	304	0.2027381550246981	0.38479755290950146
super kingdom.Archaea;phylum.Euryarchaeota;class.Methanomicrobia;order.Methanomicrobiales;family.Methanocorpusculaceae	292	0.3056587577289859	0.43416918896342327
super kingdom.Bacteria;phylum.Firmicutes;class.Bacilli;order.Bacillales;family.Sporolactobacillaceae	283	0.018326270264625775	0.39072341085632656
super kingdom.Bacteria;phylum.Actinobacteria;class.Actinobacteria;order.Catenulisporales;family.Catenulisporaceae	281	0.04353274169295634	0.161129311358668
super kingdom.Bacteria;phylum.Proteobacteria;class.Deltaproteobacteria;order.Bradymonadales;family.Bradymonadaceae	278	0.028204734091607748	0.39469095150767475
super kingdom.Bacteria;phylum.Actinobacteria;class.Actinobacteria;order.Glycomycetales;family.Glycomycetaceae	270	0.05736447056612834	0.30450346285969987
super kingdom.Bacteria;phylum.Proteobacteria;class.Gammaproteobacteria;order.Chromatiales;family.Wenzhouxiangellaceae	266	0.011261084076017936	0.2775213267654986
super kingdom.Bacteria;phylum.Proteobacteria;class.Gammaproteobacteria;order.Oceanospirillales;family.Hahellaceae	263	0.03288103760360385	0.33215668822598904
super kingdom.Bacteria;phylum.Actinobacteria;class.Actinobacteria;order.Micrococcales;family.Demequinaceae	257	0.005988023952095809	0.3972786203444188
super kingdom.Bacteria;phylum.Bacteroidetes;class.Cytophagia;order.Cytophagales;family.Bernardetiaceae	257	0.080955818105839	0.28940516856152726
super kingdom.Bacteria;phylum.Proteobacteria;class.Gammaproteobacteria;order.Chromatiales;family.Thioprofundaceae	246	0.007398006045323225	0.1901312413555666
super kingdom.Bacteria;phylum.Chloroflexi;class.Chloroflexia;order.Herpetosiphonales;family.Herpetosiphonaceae	235	0.016037536295982924	0.2063318581505728
super kingdom.Archaea;phylum.Candidatus_Verstraetearchaeota;class.Candidatus_Methanomethylia;order.Candidatus_Methanomethyliales;family.Candidatus_Methanomethyliaceae	230	0.0824716461594747	0.40717979617808997
super kingdom.Bacteria;phylum.Actinobacteria;class.Actinobacteria;order.Streptosporangiales;family.Nocardiopsaceae	221	0.03564758318133904	0.36343781369806666
super kingdom.Bacteria;phylum.Firmicutes;class.Clostridia;order.Thermoanaerobacterales;family.Thermodesulfobiaceae	194	0.261542435770983	0.37270766301212543
super kingdom.Bacteria;phylum.Actinobacteria;class.Thermoleophilia;order.Solirubrobacterales;family.Patulibacteraceae	186	0.01864548410804716	0.30451435637314733
super kingdom.Bacteria;phylum.Proteobacteria;class.Alphaproteobacteria;order.Rickettsiales;family.Anaplasmataceae	174	0.8211562173954282	0.40639956350076406
super kingdom.Bacteria;phylum.Proteobacteria;class.Deltaproteobacteria;order.Desulfovibrionales;family.Desulfohalobiaceae	173	0.12109000191901746	0.34349487108482324
super kingdom.Archaea;phylum.Euryarchaeota;class.Halobacteria;order.Haloferacales;family.Haloferacaceae	171	0.25473366609325543	0.3874077147162023
super kingdom.Bacteria;phylum.Firmicutes;class.Clostridia;order.Clostridiales;family.Heliobacteriaceae	170	0.011076936917687675	0.32921207932126695
super kingdom.Bacteria;phylum.Chloroflexi;class.Dehalococcoidia;order.Dehalococcoidales;family.Dehalococcoidaceae	163	0.0017064846416382253	0.2963756992653185
super kingdom.Bacteria;phylum.Proteobacteria;class.Epsilonproteobacteria;order.Nautiliales;family.Nautiliaceae	157	0.03917350882855366	0.24357223625265395
super kingdom.Archaea;phylum.Euryarchaeota;class.Halobacteria;order.Halobacteriales;family.Halobacteriaceae	150	0.16303238263906825	0.4330865597315437
super kingdom.Bacteria;phylum.Cyanobacteria;class.Gloeobacteria;order.Gloeobacterales;family.Gloeobacteraceae	146	0.04368937420320381	0.269402172711384
super kingdom.Bacteria;phylum.Bacteroidetes;class.Cytophagia;order.Cytophagales;family.Catalimonadaceae	144	0.009036633538356091	0.27683543516414144
super kingdom.Bacteria;phylum.Verrucomicrobia;class.Verrucomicrobiae;order.Verrucomicrobiales;family.Verrucomicrobia_subdivision_6	143	0.003508928318186054	0.19601641185363933
super kingdom.Bacteria;phylum.Firmicutes;class.Clostridia;order.Clostridiales;family.Symbiobacteriaceae	142	0.1293402777777778	0.40816781234641897
super kingdom.Bacteria;phylum.Bacteroidetes;class.Bacteroidia;order.Marinilabiliales;family.Salinivirgaceae	138	0.03195149926265771	0.2703370992330477
super kingdom.Archaea;phylum.Euryarchaeota;class.Halobacteria;order.Haloferacales;family.Halorubraceae	138	0.17978280827412804	0.41529261849148424
super kingdom.Bacteria;phylum.Firmicutes;class.Clostridia;order.Clostridiales;family.Clostridiales_Family_XVII._Incertae_Sedis	133	0.49910074142951527	0.4480230807814992
super kingdom.Bacteria;phylum.Proteobacteria;class.Alphaproteobacteria;order.Kordiimonadales;family.Temperatibacteraceae	132	0.00795791948635247	0.27443973813902384
super kingdom.Bacteria;phylum.Actinobacteria;class.Actinobacteria;order.Catenulisporales;family.Actinospicaceae	123	0.00481272147844209	0.25468712842862856
super kingdom.Bacteria;phylum.Tenericutes;class.Mollicutes;order.Entomoplasmatales;family.Spiroplasmataceae	116	0.007319288983355903	0.4439117124587706
super kingdom.Bacteria;phylum.Proteobacteria;class.Alphaproteobacteria;order.Rhizobiales;family.Chelatococcaceae	113	0.00902381979608983	0.3768593803176359
super kingdom.Archaea;phylum.Euryarchaeota;class.Halobacteria;order.Halobacteriales;family.Haloarculaceae	113	0.10519581102468263	0.4065929770780657
super kingdom.Bacteria;phylum.Proteobacteria;class.Deltaproteobacteria;order.Myxococcales;family.Labilitrichaceae	112	0.0029454897188679833	0.2920020830437581
super kingdom.Archaea;phylum.Euryarchaeota;class.Methanomicrobia;order.Methanosarcinales;family.Methermicoccaceae	109	0.007883179435775024	0.4277299487767584
super kingdom.Bacteria;phylum.Thermotogae;class.Thermotogae;order.Thermotogales;family.Fervidobacteriaceae	102	0.17412286881781033	0.3386192827120948
super kingdom.Bacteria;phylum.Actinobacteria;class.Actinobacteria;order.Micrococcales;family.Promicromonosporaceae	101	0.008195542774982027	0.3866791045742574
super kingdom.Bacteria;phylum.Firmicutes;class.Bacilli;order.Bacillales;family.Pasteuriaceae	94	0.004494593545198903	0.4226082558224662
super kingdom.Bacteria;phylum.Proteobacteria;class.Gammaproteobacteria;order.Nevskiales;family.Algiphilaceae	93	0.02049273646340908	0.2771854366409537
super kingdom.Bacteria;phylum.Actinobacteria;class.Actinobacteria;order.Corynebacteriales;family.Tsukamurellaceae	68	0.02610911785704603	0.4113548810359965
super kingdom.Bacteria;phylum.Proteobacteria;class.Gammaproteobacteria;order.Orbales;family.Orbaceae	67	0.002488335925349922	0.43191297668475803
super kingdom.Bacteria;phylum.Actinobacteria;class.Actinobacteria;order.Micrococcales;family.Sanguibacteraceae	60	0.013978536433626254	0.3886497625423729
super kingdom.Bacteria;phylum.Proteobacteria;class.Alphaproteobacteria;order.Rhizobiales;family.Bartonellaceae	60	0.567435021817492	0.36986834011299435
super kingdom.Bacteria;phylum.Bacteroidetes;class.Cytophagia;order.Cytophagales;family.Persicobacteraceae	58	0.0067586031005774875	0.23836064271022386
super kingdom.Bacteria;phylum.Actinobacteria;class.Actinobacteria;order.Jiangellales;family.Jiangellaceae	52	0.007322368178974869	0.3433652463800905
super kingdom.Bacteria;phylum.Firmicutes;class.Bacilli;order.Bacillales;family.Listeriaceae	50	0.14689165186500888	0.4281247217142857
super kingdom.Archaea;phylum.Euryarchaeota;class.Halobacteria;order.Natrialbales;family.Natrialbaceae	49	0.029303232860373233	0.4594815644557823
super kingdom.Archaea;phylum.Euryarchaeota;class.Archaeoglobi;order.Archaeoglobales;family.Archaeoglobaceae	49	0.21267455957851253	0.4283531072278911
super kingdom.Archaea;phylum.Euryarchaeota;class.Halobacteria;order.Halobacteriales;family.Halococcaceae	46	0.009318694391434732	0.36930632787439616
super kingdom.Bacteria;phylum.Thermodesulfobacteria;class.Thermodesulfobacteria;order.Thermodesulfobacteriales;family.Thermodesulfobacteriaceae	44	0.011962536487527086	0.21644504772727272
super kingdom.Bacteria;phylum.Bacteroidetes;class.Flavobacteriia;order.Flavobacteriales;family.Blattabacteriaceae	40	0.01503270335706284	0.40385806634615384
super kingdom.Bacteria;phylum.Firmicutes;class.Bacilli;order.Bacillales;family.Bacillales_Family_X._Incertae_Sedis	40	0.05467861316712115	0.42149140608974356
super kingdom.Archaea;phylum.Euryarchaeota;class.Methanococci;order.Methanococcales;family.Methanococcaceae	40	0.5251287996762	0.3491494963461539
super kingdom.Bacteria;phylum.Proteobacteria;class.Deltaproteobacteria;order.Desulfurellales;family.Desulfurellaceae	38	0.007201043300761685	0.20465591970128022
super kingdom.Bacteria;phylum.Proteobacteria;class.Deltaproteobacteria;order.Desulfovibrionales;family.Desulfonatronaceae	36	0.010923873844338076	0.3922302916666667
super kingdom.Bacteria;phylum.Actinobacteria;class.Actinobacteria;order.Frankiales;family.Motilibacteraceae	35	0.003368071192525546	0.31165539613445375
super kingdom.Bacteria;phylum.Firmicutes;class.Clostridia;order.Clostridiales;family.Catabacteriaceae	34	0.022448950223769984	0.33695832459893044
super kingdom.Archaea;phylum.Euryarchaeota;class.Thermoplasmata;order.Thermoplasmatales;family.Ferroplasmaceae	34	0.019021714897222097	0.3738448278966132
super kingdom.Archaea;phylum.Euryarchaeota;class.Thermoplasmata;order.Thermoplasmatales;family.Thermoplasmataceae	33	0.058560720747332276	0.3387542618371212
super kingdom.Bacteria;phylum.Aquificae;class.Aquificae;order.Desulfurobacteriales;family.Desulfurobacteriaceae	33	0.006904784040358889	0.2013474220643939
super kingdom.Archaea;phylum.Crenarchaeota;class.Thermoprotei;order.Thermoproteales;family.Thermofilaceae	28	0.00972884712783569	0.4078772595238095
super kingdom.Archaea;phylum.Euryarchaeota;class.Thermococci;order.Thermococcales;family.Thermococcaceae	28	0.016736031169751173	0.5168492493386244
super kingdom.Bacteria;phylum.Dictyoglomi;class.Dictyoglomia;order.Dictyoglomales;family.Dictyoglomaceae	25	0.0585712965529988	0.2701003791666667
super kingdom.Bacteria;phylum.Proteobacteria;class.Alphaproteobacteria;order.Iodidimonadales;family.Iodidimonadaceae	22	0.000752581034957919	0.20452660454545454
super kingdom.Bacteria;phylum.Thermotogae;class.Thermotogae;order.Mesoaciditogales;family.Mesoaciditogaceae	21	0.012140202638739377	0.27234052238095235
super kingdom.Bacteria;phylum.Thermotogae;class.Thermotogae;order.Thermotogales;family.Thermotogaceae	18	0.0023681975566734173	0.2441936065359477
super kingdom.Bacteria;phylum.Proteobacteria;class.Gammaproteobacteria;order.Methylococcales;family.Methylothermaceae	17	0.007968388778672264	0.3524079323529412
super kingdom.Archaea;phylum.Euryarchaeota;class.Methanomicrobia;order.Methanomicrobiales;family.Methanocalculaceae	17	0.002826014204439817	0.3671537147058823
super kingdom.Bacteria;phylum.Chloroflexi;class.Thermomicrobia;order.Thermomicrobiales;family.Thermomicrobiaceae	16	0.000930070336569203	0.29369414499999996
super kingdom.Bacteria;phylum.Aquificae;class.Aquificae;order.Aquificales;family.Hydrogenothermaceae	16	0.029610687787944956	0.4272427554166666
super kingdom.Bacteria;phylum.Actinobacteria;class.Thermoleophilia;order.Thermoleophilales;family.Thermoleophilaceae	15	0.0018905889184480966	0.13747676904761905
super kingdom.Bacteria;phylum.Proteobacteria;class.Gammaproteobacteria;order.Chromatiales;family.Thioalkalibacteraceae	15	0.004548367756207488	0.25467296666666667
super kingdom.Bacteria;phylum.Proteobacteria;class.Alphaproteobacteria;order.Holosporales;family.Candidatus_Hepatincolaceae	15	0.0009756452728530344	0.24558010619047618
super kingdom.Bacteria;phylum.Proteobacteria;class.Gammaproteobacteria;order.Enterobacterales;family.Hafniaceae	14	0.009641545993956046	0.40292262527472517
super kingdom.Bacteria;phylum.Actinobacteria;class.Nitriliruptoria;order.Egicoccales;family.Egicoccaceae	14	0.0017054369329422198	0.39741675494505496
super kingdom.Bacteria;phylum.Proteobacteria;class.Betaproteobacteria;order.Procabacteriales;family.Procabacteriaceae	13	0.0008920453570754637	0.38324433782051276
super kingdom.Bacteria;phylum.Chrysiogenetes;class.Chrysiogenetes;order.Chrysiogenales;family.Chrysiogenaceae	13	0.0003034809262237868	0.3596915019230769
super kingdom.Bacteria;phylum.Firmicutes;class.Clostridia;order.Natranaerobiales;family.Natranaerobiaceae	11	0.0003270434445208465	0.29589315454545456
super kingdom.Bacteria;phylum.Actinobacteria;class.Actinobacteria;order.Micrococcales;family.Ruaniaceae	10	0.000228956074777054	0.40898077888888873
super kingdom.Bacteria;phylum.Aquificae;class.Aquificae;order.Aquificales;family.Aquificaceae	10	0.0016295231248502277	0.40781832444444444
super kingdom.Bacteria;phylum.Bacteroidetes;class.Flavobacteriia;order.Flavobacteriales;family.Ichthyobacteriaceae	9	0.005492753737276728	0.13330348333333336
super kingdom.Archaea;phylum.Crenarchaeota;class.Thermoprotei;order.Desulfurococcales;family.Desulfurococcaceae	9	0.002830966005729966	0.4894648388888889
super kingdom.Archaea;phylum.Crenarchaeota;class.Thermoprotei;order.Thermoproteales;family.Thermoproteaceae	9	0.0032278303990565965	0.4217072583333333
super kingdom.Bacteria;phylum.Firmicutes;class.Clostridia;order.Thermoanaerobacterales;family.Thermoanaerobacterales_Family_IV._Incertae_Sedis	8	0.0008351124705635271	0.42627311607142865
super kingdom.Bacteria;phylum.Actinobacteria;class.Actinobacteria;order.Corynebacteriales;family.Segniliparaceae	8	0.00046048225050234425	0.4381077803571429
super kingdom.Bacteria;phylum.Actinobacteria;class.Actinobacteria;order.Micrococcales;family.Jonesiaceae	8	0.0004147362884136843	0.2979728839285714
super kingdom.Archaea;phylum.Thaumarchaeota;class.Nitrososphaeria;order.Candidatus_Nitrosocaldales;family.Candidatus_Nitrosocaldaceae	8	0.0003133031577392248	0.10332510178571429
super kingdom.Bacteria;phylum.Proteobacteria;class.Betaproteobacteria;order.Nitrosomonadales;family.Spirillaceae	8	0.0017496263662391137	0.2614524089285714
super kingdom.Archaea;phylum.Euryarchaeota;class.Thermoplasmata;order.Thermoplasmatales;family.Cuniculiplasmataceae	8	0.004319616347543989	0.2141592607142857
super kingdom.Bacteria;phylum.Tenericutes;class.Mollicutes;order.Entomoplasmatales;family.Entomoplasmataceae	7	0.00776267259630108	0.38947105952380956
super kingdom.Bacteria;phylum.Spirochaetes;class.Spirochaetia;order.Spirochaetales;family.Borreliaceae	7	0.000931205175540344	0.3135933523809524
super kingdom.Bacteria;phylum.Chloroflexi;class.Ktedonobacteria;order.Thermogemmatisporales;family.Thermogemmatisporaceae	7	0.0006620172657514269	0.07892475238095238
super kingdom.Bacteria;phylum.Actinobacteria;class.Nitriliruptoria;order.Egibacterales;family.Egibacteraceae	6	0.00024340427333241615	0.42485568000000007
super kingdom.Archaea;phylum.Euryarchaeota;class.Methanococci;order.Methanococcales;family.Methanocaldococcaceae	6	0.2936116171657079	0.3926643833333333
super kingdom.Bacteria;phylum.Fibrobacteres;class.Chitinispirillia;order.Chitinispirillales;family.Chitinispirillaceae	6	0.0012250081479899752	0.2698901533333334
super kingdom.Bacteria;phylum.Proteobacteria;class.Gammaproteobacteria;order.Enterobacterales;family.Budviciaceae	5	0.001366120218579235	0.422977665
super kingdom.Bacteria;phylum.Actinobacteria;class.Actinobacteria;order.Micrococcales;family.Rarobacteraceae	5	0.0013882461823229986	0.233739915
super kingdom.Archaea;phylum.Crenarchaeota;class.Thermoprotei;order.Sulfolobales;family.Sulfolobaceae	5	0.0006897503103876397	0.43015406
super kingdom.Archaea;phylum.Crenarchaeota;class.Thermoprotei;order.Desulfurococcales;family.Pyrodictiaceae	5	0.0019308197751867207	0.18401314
super kingdom.Bacteria;phylum.Actinobacteria;class.Actinobacteria;order.Actinopolysporales;family.Actinopolysporaceae	3	0.000513767359717428	0.5656501833333333
super kingdom.Bacteria;phylum.Proteobacteria;class.Acidithiobacillia;order.Acidithiobacillales;family.Thermithiobacillaceae	3	0.0024768852319959284	0.41667823333333337
super kingdom.Bacteria;phylum.Proteobacteria;class.Deltaproteobacteria;order.Desulfobacterales;family.Desulfoarculaceae	3	0.00017041734310392767	0.21434461666666663
super kingdom.Bacteria;phylum.Proteobacteria;class.Gammaproteobacteria;order.Enterobacterales;family.Thorselliaceae	2	0.0002296907443817644	0.26324405
super kingdom.Bacteria;phylum.Firmicutes;class.Clostridia;order.Clostridiales;family.Clostridiales_Family_XVI._Incertae_Sedis	2	0.0010178581064861937	0.46724705
super kingdom.Bacteria;phylum.Chlamydiae;class.Chlamydiia;order.Chlamydiales;family.Candidatus_Clavichlamydiaceae	2	0.00021221086269957183	0.4179386
super kingdom.Bacteria;phylum.Firmicutes;class.Clostridia;order.Clostridiales;family.Proteinivoraceae	2	0.00027390410782630436	0.5703006
super kingdom.Bacteria;phylum.Bacteroidetes;class.Sphingobacteriia;order.Sphingobacteriales;family.Filobacteriaceae	2	0.001150155356805658	0.6028756
super kingdom.Archaea;phylum.Crenarchaeota;class.Thermoprotei;order.Fervidicoccales;family.Fervidicoccaceae	2	0.00022678022476440055	0.019329700000000005
super kingdom.Bacteria;phylum.Proteobacteria;class.Gammaproteobacteria;order.Pseudomonadales;family.Ventosimonadaceae	2	0.00011281770270923654	0.0165362
super kingdom.Bacteria;phylum.Actinobacteria;class.Actinobacteria;order.Actinopolysporales;family.Mzabimycetaceae	2	0.00033480561958355333	0.02480579999999999
super kingdom.Bacteria;phylum.Bacteroidetes;class.Cytophagia;order.Cytophagales;family.Mooreiaceae	2	0.0037811226635344614	0.23134145
super kingdom.Archaea;phylum.Crenarchaeota;class.Thermoprotei;order.Acidilobales;family.Acidilobaceae	1	0.00026928995383600793	nan
super kingdom.Archaea;phylum.Euryarchaeota;class.Methanobacteria;order.Methanobacteriales;family.Methanothermaceae	1	0.0002154406706630281	nan
super kingdom.Archaea;phylum.Euryarchaeota;class.Methanopyri;order.Methanopyrales;family.Methanopyraceae	1	0.00019276270533007779	nan
super kingdom.Bacteria;phylum.Firmicutes;class.Thermolithobacteria;order.Thermolithobacterales;family.Thermolithobacteraceae	0	nan	nan
super kingdom.Bacteria;phylum.Proteobacteria;class.Alphaproteobacteria;order.Rhodothalassiales;family.Rhodothalassiaceae	0	nan	nan
super kingdom.Bacteria;phylum.Chloroflexi;class.Chloroflexia;order.Kallotenuales;family.Kallotenuaceae	0	nan	nan
super kingdom.Bacteria;phylum.Bacteroidetes;class.Bacteroidia;order.Bacteroidales;family.Balneicellaceae	0	nan	nan
super kingdom.Archaea;phylum.Crenarchaeota;class.Thermoprotei;order.Acidilobales;family.Caldisphaeraceae	0	nan	nan
super kingdom.Bacteria;phylum.Chlamydiae;class.Chlamydiia;order.Parachlamydiales;family.Candidatus_Parilichlamydiaceae	0	nan	nan
super kingdom.Bacteria;phylum.Balneolaeota;class.Balneolia;order.Balneolales;family.Soortiaceae	0	nan	nan
super kingdom.Bacteria;phylum.Bacteroidetes;class.Cytophagia;order.Cytophagales;family.Thermonemataceae	0	nan	nan
super kingdom.Bacteria;phylum.Proteobacteria;class.Alphaproteobacteria;order.Kopriimonadales;family.Kopriimonadaceae	0	nan	nan
super kingdom.Bacteria;phylum.Rhodothermaeota;class.Rhodothermia;order.Rhodothermales;family.Salinibacteraceae	0	nan	nan
super kingdom.Bacteria;phylum.Bacteroidetes;class.Bacteroidia;order.Bacteroidales;family.Marinilabiliaceae	0	nan	nan
super kingdom.Bacteria;phylum.Chlamydiae;class.Chlamydiia;order.Chlamydiales;family.Actinochlamydiaceae	0	nan	nan
super kingdom.Bacteria;phylum.Proteobacteria;class.Alphaproteobacteria;order.Rickettsiales;family.Candidatus_Paracaedibacteraceae	0	nan	nan
super kingdom.Bacteria;phylum.Bacteroidetes;class.Bacteroidia;order.Bacteroidales;family.Marinifilaceae	0	nan	nan
super kingdom.Bacteria;phylum.Proteobacteria;class.Betaproteobacteria;order.Hydrogenophilales;family.Hydrogenophilaceae	0	nan	nan
super kingdom.Archaea;phylum.Euryarchaeota;class.Thermoplasmata;order.Thermoplasmatales;family.Picrophilaceae	0	nan	nan
